feedback,label
This product is amazing and works perfectly,positive
Completely disappointed with this purchase,negative
Very happy with the performance,positive
Does not work as expected,negative
I really like this product,positive
Poor build quality,negative
I really like this product,positive
Does not work as expected,negative
Highly recommend this product,positive
Very poor quality and disappointing,negative
Very happy with the performance,positive
Waste of money and useless,negative
Fantastic product and fast delivery,positive
Not satisfied with this item,negative
I really like this product,positive
Waste of money and useless,negative
Excellent quality and very useful,positive
Very poor quality and disappointing,negative
This product is amazing and works perfectly,positive
I hate this product,negative
This product is amazing and works perfectly,positive
Bad product and slow delivery,negative
Very happy with the performance,positive
Waste of money and useless,negative
Superb quality and easy to use,positive
Does not work as expected,negative
Very satisfied with this item,positive
Poor build quality,negative
Superb quality and easy to use,positive
Poor build quality,negative
Fantastic product and fast delivery,positive
Very poor quality and disappointing,negative
This product is amazing and works perfectly,positive
Completely disappointed with this purchase,negative
Very happy with the performance,positive
Does not work as expected,negative
Great purchase and worth the money,positive
Bad product and slow delivery,negative
Very happy with the performance,positive
Very bad experience with this product,negative
Fantastic product and fast delivery,positive
Does not work as expected,negative
This product is amazing and works perfectly,positive
Bad product and slow delivery,negative
Very satisfied with this item,positive
Completely disappointed with this purchase,negative
Highly recommend this product,positive
I hate this product,negative
This product is amazing and works perfectly,positive
Waste of money and useless,negative
Highly recommend this product,positive
Bad product and slow delivery,negative
Fantastic product and fast delivery,positive
This product is terrible and stopped working,negative
Works exactly as expected,positive
Not satisfied with this item,negative
Fantastic product and fast delivery,positive
Not satisfied with this item,negative
Very satisfied with this item,positive
I hate this product,negative
Very satisfied with this item,positive
Poor build quality,negative
Highly recommend this product,positive
Does not work as expected,negative
Great purchase and worth the money,positive
Very bad experience with this product,negative
Great purchase and worth the money,positive
Completely disappointed with this purchase,negative
Very happy with the performance,positive
Poor build quality,negative
Very satisfied with this item,positive
Not satisfied with this item,negative
Excellent quality and very useful,positive
Does not work as expected,negative
This product is amazing and works perfectly,positive
Very poor quality and disappointing,negative
Very happy with the performance,positive
Very poor quality and disappointing,negative
Great purchase and worth the money,positive
This product is terrible and stopped working,negative
Works exactly as expected,positive
Completely disappointed with this purchase,negative
Works exactly as expected,positive
Very bad experience with this product,negative
Works exactly as expected,positive
Not satisfied with this item,negative
Very happy with the performance,positive
I hate this product,negative
Great purchase and worth the money,positive
Poor build quality,negative
Very satisfied with this item,positive
Bad product and slow delivery,negative
Fantastic product and fast delivery,positive
Does not work as expected,negative
Works exactly as expected,positive
Bad product and slow delivery,negative
Superb quality and easy to use,positive
Bad product and slow delivery,negative
Great purchase and worth the money,positive
Very bad experience with this product,negative
Works exactly as expected,positive
Bad product and slow delivery,negative
Excellent quality and very useful,positive
Very bad experience with this product,negative
I really like this product,positive
Very poor quality and disappointing,negative
This product is amazing and works perfectly,positive
I hate this product,negative
Fantastic product and fast delivery,positive
Very bad experience with this product,negative
Highly recommend this product,positive
Completely disappointed with this purchase,negative
This product is amazing and works perfectly,positive
Bad product and slow delivery,negative
Works exactly as expected,positive
Does not work as expected,negative
Very satisfied with this item,positive
This product is terrible and stopped working,negative
I really like this product,positive
Very poor quality and disappointing,negative
Very happy with the performance,positive
Very poor quality and disappointing,negative
Very happy with the performance,positive
Waste of money and useless,negative
Highly recommend this product,positive
Very poor quality and disappointing,negative
Fantastic product and fast delivery,positive
I hate this product,negative
Superb quality and easy to use,positive
Bad product and slow delivery,negative
Very happy with the performance,positive
Bad product and slow delivery,negative
This product is amazing and works perfectly,positive
Completely disappointed with this purchase,negative
Very satisfied with this item,positive
Very bad experience with this product,negative
Fantastic product and fast delivery,positive
Poor build quality,negative
I really like this product,positive
Very poor quality and disappointing,negative
Very satisfied with this item,positive
Completely disappointed with this purchase,negative
Excellent quality and very useful,positive
I hate this product,negative
Works exactly as expected,positive
Completely disappointed with this purchase,negative
I really like this product,positive
Bad product and slow delivery,negative
Works exactly as expected,positive
Waste of money and useless,negative
Highly recommend this product,positive
Bad product and slow delivery,negative
I really like this product,positive
Waste of money and useless,negative
Highly recommend this product,positive
Very bad experience with this product,negative
Superb quality and easy to use,positive
Poor build quality,negative
Works exactly as expected,positive
Not satisfied with this item,negative
Works exactly as expected,positive
Bad product and slow delivery,negative
Very happy with the performance,positive
Very bad experience with this product,negative
Works exactly as expected,positive
Very bad experience with this product,negative
This product is amazing and works perfectly,positive
Not satisfied with this item,negative
Great purchase and worth the money,positive
Does not work as expected,negative
Highly recommend this product,positive
Completely disappointed with this purchase,negative
Great purchase and worth the money,positive
Waste of money and useless,negative
Works exactly as expected,positive
Bad product and slow delivery,negative
Very satisfied with this item,positive
Bad product and slow delivery,negative
This product is amazing and works perfectly,positive
Completely disappointed with this purchase,negative
Works exactly as expected,positive
Not satisfied with this item,negative
Fantastic product and fast delivery,positive
Very poor quality and disappointing,negative
Very happy with the performance,positive
Very poor quality and disappointing,negative
Excellent quality and very useful,positive
Does not work as expected,negative
This product is amazing and works perfectly,positive
Bad product and slow delivery,negative
Highly recommend this product,positive
Poor build quality,negative
Highly recommend this product,positive
Not satisfied with this item,negative
Great purchase and worth the money,positive
Bad product and slow delivery,negative
Highly recommend this product,positive
Does not work as expected,negative
I really like this product,positive
Waste of money and useless,negative
